<?xml version="1.0" encoding="UTF-8"?>
<GenRun Id="tile_pe_block_design_Tile_PE_wrapper_0_0_synth_1" LaunchPart="xcvc1902-vsva2197-2MP-e-S" LaunchTime="1700452160">
  <File Type="PA-TCL" Name="tile_pe_block_design_Tile_PE_wrapper_0_0.tcl"/>
  <File Type="REPORTS-TCL" Name="tile_pe_block_design_Tile_PE_wrapper_0_0_reports.tcl"/>
  <File Type="RDS-RDS" Name="tile_pe_block_design_Tile_PE_wrapper_0_0.vds"/>
  <File Type="RDS-UTIL" Name="tile_pe_block_design_Tile_PE_wrapper_0_0_utilization_synth.rpt"/>
  <File Type="RDS-UTIL-PB" Name="tile_pe_block_design_Tile_PE_wrapper_0_0_utilization_synth.pb"/>
  <File Type="RDS-DCP" Name="tile_pe_block_design_Tile_PE_wrapper_0_0.dcp"/>
  <FileSet Name="sources" Type="BlockSrcs" RelSrcDir="$PSRCDIR/tile_pe_block_design_Tile_PE_wrapper_0_0" RelGenDir="$PGENDIR/tile_pe_block_design_Tile_PE_wrapper_0_0">
    <File Path="$PSRCDIR/sources_1/bd/tile_pe_block_design/ip/tile_pe_block_design_Tile_PE_wrapper_0_0/tile_pe_block_design_Tile_PE_wrapper_0_0.xci">
      <FileInfo>
        <Attr Name="ImportPath" Val="$PPRDIR/../../../../../../../../Desktop/PE-4x4-vck190/PE-4x4-vck190.srcs/sources_1/bd/tile_pe_block_design/ip/tile_pe_block_design_Tile_PE_wrapper_0_0/tile_pe_block_design_Tile_PE_wrapper_0_0.xci"/>
        <Attr Name="ImportTime" Val="1721086734"/>
        <Attr Name="UsedIn" Val="synthesis"/>
        <Attr Name="UsedIn" Val="implementation"/>
        <Attr Name="UsedIn" Val="simulation"/>
      </FileInfo>
    </File>
    <Config>
      <Option Name="TopModule" Val="tile_pe_block_design_Tile_PE_wrapper_0_0"/>
      <Option Name="UseBlackboxStub" Val="1"/>
    </Config>
  </FileSet>
  <FileSet Name="constrs_in" Type="BlockSrcs" RelSrcDir="$PSRCDIR/tile_pe_block_design_Tile_PE_wrapper_0_0" RelGenDir="$PGENDIR/tile_pe_block_design_Tile_PE_wrapper_0_0">
    <File Path="$PSRCDIR/sources_1/bd/tile_pe_block_design/ip/tile_pe_block_design_Tile_PE_wrapper_0_0/tile_pe_block_design_Tile_PE_wrapper_0_0.xci">
      <FileInfo>
        <Attr Name="ImportPath" Val="$PPRDIR/../../../../../../../../Desktop/PE-4x4-vck190/PE-4x4-vck190.srcs/sources_1/bd/tile_pe_block_design/ip/tile_pe_block_design_Tile_PE_wrapper_0_0/tile_pe_block_design_Tile_PE_wrapper_0_0.xci"/>
        <Attr Name="ImportTime" Val="1721086734"/>
        <Attr Name="UsedIn" Val="synthesis"/>
        <Attr Name="UsedIn" Val="implementation"/>
        <Attr Name="UsedIn" Val="simulation"/>
      </FileInfo>
    </File>
    <Config>
      <Option Name="TopModule" Val="tile_pe_block_design_Tile_PE_wrapper_0_0"/>
      <Option Name="UseBlackboxStub" Val="1"/>
    </Config>
  </FileSet>
  <FileSet Name="utils" Type="Utils" RelSrcDir="$PSRCDIR/utils_1" RelGenDir="$PGENDIR/utils_1">
    <Filter Type="Utils"/>
    <File Path="$PSRCDIR/utils_1/imports/synth_1/PE.dcp">
      <FileInfo>
        <Attr Name="ImportPath" Val="$PPRDIR/../../../../../../../../Desktop/PE-4x4-vck190/PE-4x4-vck190.srcs/utils_1/imports/synth_1/PE.dcp"/>
        <Attr Name="ImportTime" Val="1700453915"/>
        <Attr Name="UsedIn" Val="synthesis"/>
        <Attr Name="UsedIn" Val="implementation"/>
        <Attr Name="UsedInSteps" Val="synth_1"/>
        <Attr Name="AutoDcp" Val="1"/>
      </FileInfo>
    </File>
    <Config>
      <Option Name="TopAutoSet" Val="TRUE"/>
    </Config>
  </FileSet>
  <Strategy Version="1" Minor="2">
    <StratHandle Name="Vivado Synthesis Defaults" Flow="Vivado Synthesis 2023"/>
    <Step Id="synth_design"/>
  </Strategy>
</GenRun>
